name,address
10 Academy St.(existing office) - Bridge,10 Academy St.
10 S. Academy(office) ReFi BWE,10 South Academy Street
100 Homes Initiative,11625 Buckingham Avenue
100 Homes Initiative,12112 Longmead Avenue
100 Homes Initiative,12512 Milligan Avenue
100 Homes Initiative,2645 E. 110th Street
100 Homes Initiative,3193 E. 119th Street
100 Homes Initiative,3242 W. 115th Street
100 Homes Initiative,3261 E. 130th Street
100 Homes Initiative,3283 E. 130th Street
100 Homes Initiative,3291 E. 130th Street
100 Homes Initiative,3295 E. 130th Street
100 Homes Initiative,3416 E. 134th Street
100 Homes Initiative,3559 W. 129th Street
100 Homes Initiative,11805 Guardian Blvd
100 Homes Initiative,2177 W. 95th Street
100 Homes Initiative,2205 E. 82nd Street
100 Homes Initiative,3418 W. 54th Street
100 Homes Initiative,3478 W. 97th Street
100 Homes Initiative,709 E. 162nd Street
100 Homes Initiative,8110 Platt Avenue
1001 Glengarry Drive Industrial,1001 Glengarry Drive
10501 Bunsen Way - B Note,10501 Bunsen Way
1080 Washington,1080 Washington Avenue
110 E  Piedmont Avenue,110 E  Piedmont Avenue
1100 Eastern Ave NE,1100 Eastern Avenue NE
1201 Powell/ 900 Jackson,1201 Powell
1207 Kent Street,1207 Kent Street
1412 14th Street,1412 14th Street
1504-1530 Kenny Road,1504-1530 Kenny Road
1535 Jackson,1535 Jackson Street
160 Bethlehem Pike,160 Bethlehem Pike
17 South Apartments,US 17 South & Marginal Road
1700 Merrimac Street ,1700 Merrimac Street 
1700 Santa Fe,1700 S. Santa Fe Avenue
17th Place Townhomes,1001 18th Street
1800 Onzaga Street,1800 Onzaga Street
1923 West Farms - Compass 6 Refi,1923 West Farms Road
2045 Donald Lee Hollowell Parkway,2045 Donald Lee Hollowell Parkway
2069 Bruckner,2069 Bruckner Boulevard
21 Pearl Street,21 Pearl Street
22 on the River - Refinance,740 River Drive
221 West Grand Avenue,221 W Grand Avenue
231 Meed and 5511 Raeford - Refinance,5511 Raeford Road
231 Meed and 5511 Raeford - Refinance,231 Meed Court
2505 Palmyra,2505 Palmyra
2620 Palmyra,2620 Palmyra
2650 Quantico Ave,2650 Quantico Ave
3200 Fourth Avenue - 2019 Blend & Extend,3200 Fourth Avenue
3218 Wisconsin Ave NW,3218 Wisconsin Ave NW
332 West Bland Street,332 West Bland Street
3443 Benning Road NE,3443 Benning Road NE
3451 Benning Road NE,3451 Benning Road NE
360 Second Ave,360 Second Ave
3601 Sunset Blvd,3601 Sunset Blvd
3828 Apartments,2705 East 38th Street
43rd St. Apartments,4046 - 4054 43rd St
43rd Street Apartments,4046 43rd Street
43rd Street Apartments,4054 43rd Street
43rd Street Apartments,4054 43rd Street
4697 Third Avenue,4697 Third Avenue
490 N Broad St,490 N Broad St
54 South Commerce Way - 2019 Refi,54 South Commerce Way
5900 Eastern Ave,5900 S Eastern Ave
5995 Windward Parkway,5995 Windward Parkway
5th & Howard - South Market,912 Howard Street
60 Mansfield Road,60 Mansfield Road
600 Beta (Acquisition),600 Beta Dr
6204 New Cut Road Industrial,6204 New Cut Road
66 Ocean View (Country Club Apts),66 Ocean View Ave
7422 Chapman Ave-Note B,7422 Chapman Avenue
7742 S. Ada Street Apartments,7742 S. Ada Street
793-97 Garden Street HDFC,795 Garden Street
800 Clement/289 9th avenue,800 Clement Street; 289 9th avenue
810 Sycamore,810 Sycamore Street
813 McDaniel - Modular,813 McDaniel
830 Kent Street,830 Kent Street
848 S. 8th Street Building,848 S. 8th Street
8655 Production Avenue,8655 Production Avenue
8825 Wilshire,8825 Wilshire Blvd
8900 Bellanca Ave,8900 Bellanca Avenue
9100 Gratiot,9100 Gratiot
924 W Sugar Creek,924 W Sugar Creek
924 W Sugar Creek,924 W Sugar Creek
935 S Summit Avenue,935 S. Summit Avenue
A Brush With Kindness,4352 Ray Avenue
A Brush With Kindness,4026 Clematis
A Brush With Kindness,1525 Lesseps
A Brush With Kindness,2936 Palmyra
A Brush With Kindness - Federal Home Loan Bank of Dallas SNAP/ Gulf Coast Bank and Trust,1319 Feliciana
A Brush With Kindness - Federal Home Loan Bank of Dallas SNAP/ Gulf Coast Bank and Trust,5241 Basinview
A Brush With Kindness - Federal Home Loan Bank of Dallas SNAP/ Gulf Coast Bank and Trust,1817 St. Ann
A Brush With Kindness - Federal Home Loan Bank of Dallas SNAP/ Gulf Coast Bank and Trust,3519 Eagle
AAFE East Village Homes,302 East 2nd Street
Academy Terrace,6401 Academy Road NE
Addison Woods,1655 Gilmore Park Ave.
Advance Auto 2019 - Deal,7161 Market St.
Afton Gardens Apartments (AHF),713 Hunt Avenue NW
Agate Street Apartments,1318 Agate Street
AIM Media Indiana,22 W. New Rd
AIM Media Midwest,4500 Lyons Road
Airport Business Park,701-703 S. Gifford Avenue
Airtech - 1000 Glengarry Drive,1000 Glengarry Drive
Alabama Section 8 Portfolio,101 Chalkville Manor Drive
Alabama Section 8 Portfolio,5812 Ellington Street
Alabama Section 8 Portfolio,175 Robinwood Drive
Alabama Section 8 Portfolio,237 West 5th Avenue
Alabama Section 8 Portfolio,23 Division Street
Alabama Section 8 Portfolio,744 6th Street SW
Alabama Section 8 Portfolio,100 Dugan Avenue
Alabama Section 8 Portfolio,Scattered
Albany Landings,5500 Bilberry Ln
Algood Food Company,7401 Tradeport Drive
AllenPas Apartments,92-100 N. Allen Avenue
Alma,1102 Alma
Alma,1104 Alma
Alma,1106 Alma
Aloft - Tampa Mezz Loan,100 West Kennedy Blvd
Aloft - Tampa Senior Loan,100 West Kennedy Blvd
Alpine Village,"3601 Alpine Drive,"
Alpine Village,500 Shaffer Street
Alta Citizen at Patrick Henry,301 Continental Parkway
Ambrose Apartments,1615 Montana Street
American Legion Post #139,3445 Washington Boulevard
Amsterdam Avenue,"2110 Amsterdam Ave, 2185 Amsterdam Ave, 2488 7th Ave, 2794 8th Ave"
Amsterdam Avenue Cluster ,2110 Amsterdam Ave
Amsterdam Avenue Cluster ,2185 Amsterdam Ave
Amsterdam Avenue Cluster ,2488-90 7th Avenue
Amsterdam Avenue Cluster ,2794 8th Avenne
Anchor Bay Townhomes,3926 Hermansau Drive
Anchor Bay Townhomes - Bridge,3926 Hermansau Drive
Arbor Lakes Medical,12000 Elm Creek
Arcadia Apartments II,172 Harrison Street
Armstrong Court Phase I New Construction,1 Armstrong Court
Arroyo Village,3450 W 13th Ave.
Ashby Green Apartments - Phase II,7616 Ashby Landings Drive
Ashe,2504  Ashe
Ashe,2018 Ashe
Ashe,2618 Ashe
Aspen Park Apartments (2nd Supplemental),301 Malley Drive
AT&T Building (Solon),6450 Davis Industrial Parkway
Athens Medical consulting fee,340 North Milledge Ave
Atlantic Crossing - Phase I,Northeast corner of Atlantic Avenue & US 1 North
Atlantic Palms,2510 Atlantic Palms Lane
Avaire (AKA Casino Lane) Supplemental,824 W. Casino Road
Avenue Place - Phase 10,"4319, 4326, 4202, 4206 Darter; 1034, 1038, 1031 Hillstar; 4334 Cetti, 4338 Cetti"
Baker Roofing: Charlotte & Greensboro,4700 Nations Crossing Road
Barrister Court Apartments,1016 McGowan Street
Battery Park Lofts - Bridge,1250 W 75th ST
Bay Pointe Townhomes,52280 Rutherford Circle
Bay Pointe Townhomes - Bridge,52280 Rutherford Circle
Bayberry Place Townhomes Sup 2,2300 Deewood Drive
Beach Access fka Del Playa Apartments,6508 Del Playa Drive
Beach Medical Office Building-Refi,17742 Beach Boulevard
Beachcliff Apartments,22455 Lake Rd
Beacon House Square,3549-3555 Old Frederick Road
Beacon Ridge,2003 State Street
Beacon Ridge,2003 State Street
Bedford Retail (Former Walmart),22209 Rockside Road
Bel Clare MHC Bridge,3210 Bel Clare Drive
Bella Vida,1111 S Cimarron Rd
Belle Place MHC,600 Saint Nazaire Road
Bennett Industrial Refi,1953-2005 Hammondville Road
Bent Tree Apartments,8405 Bent Tree Road
Bernal Gateway,3101 Mission St
Best Western Plus-Spartanburg,125 Sloane Garden Road
Bingham Park,120 Bingham Drive
Bingham Park,120 Bingham Drive
Bitter Lake, 924 & 934 N 143rd Street
Bitter Lake, 924 & 934 N 143rd Street
Bitter Lake (BH), 912 & 916 N 143rd Street
Black & Orange,"83 Scuppernong Way, Clayton, NC 27520 ; 42 Drop Seed Lane, Smithfield, NC 27577; 138 Balboa Parkway, Clayton, NC 27520; 53 Manito Place Clayton, NC 27520 ; 59 59 Golden Gate Parkway Clayton, NC 27520 ; 184 Honeybee Trace, Clayton, NC 27520; 124 Honeybee Trace, Clayton, NC 27520 ; 173 Carissa Drive, Smithfield, NC 27577 ; 105 Sloan Drive, Clayton, NC 27520 ; 120 W Webber Lane, Clayton, NC 27527 ; 213 E Webber Lane, Clayton, NC 27527 ; 236 Haywood Lane, Clayton, NC 27527 ; 29 Verrazano Place, Clayton, NC 27520 ; 101 Sloan Drive, Clayton, NC 27527; 104 Parkview Drive, Clayton, NC 27520; 133 Tarkenton Court, Clayton, NC 27527"
Bluebird Apartments,904 Rice St
Bon Air,2501 N Apperson Way
Bon Air - Assumption,2501 North Apperson Way
Bond Street 20,1970 & 1986 Medical Center Parkway
Bond Street 20,2434 Nicholasville Road
Bond Street 21 2019 Loan,1225 Veterans Parkway
Bond Street 21 2019 Loan,715 Louisville Rd
Bond Street Fund 18,1120 & 1150 W. State of Franklin Rd and 3905 Lebanon Pike
Bond Street Fund 19,2011 Von Schilling Drive; 2051-2099 Sun Harbour View Blvd
Boulder Creek Apartments (AHF),300 Furman Hall Road
Boulder Creek I,7601 W Boulder Creek Place
Boulder Creek II,7700 West Boulder Creek Place
Bourgogne Bywater,2930 Burgundy Street
Branch West Orange Jewel- Construction,1725 W Katella
Branch West Orange Jewel- Mezz/Equity,1725 W Katella
Brentwood Crossing (AHF),308 Brentwood Street
Briarwood Square,7545 Katella Ave
Bridge at Asher,10505 South IH-35
Bridgewater at Town Center,507 Marcella Rd
Brightwood Gardens,931 Longfellow St NW
Brittany Woods/Park Chase (AHF),1150 Old Statenville Road
Broadway Townhomes,"625, 645, 669 Broadway Street"
Broderick Tower,10 Witherell Street
Brooks-Ontario Industrial Park,1440 & 1454 Brooks Street
Brynwood Apartments,105 Rebel Drive
Bryson Square,24006 108th Place SE
Buckeye Trails,10610 E. State Rte 762
Buckhorn Village,814 Mill Alley
Buggyworks,390-400 W. Nationwide Blvd.
Burbank Terrace (2019),13930 Burbank Blvd
C & D Building-2019,51446 and 51810 Danview Technology Court
Cabrillo Business Park,5450-5490 Complex St
Cahuenga Village,3701 Cahuenga Blvd.
Calabazas Community Apartments,3311 Kifer Road
Calhoun West,3028 & 3050 Ewing Avenue S and 3029 France Ave S
California Affordable Partners,"225 41st Street, Oakland, CA, 94611; 801 Tupper Street, Santa Rosa, CA, 95404; 90 Grandview Street, Santa Cruz, CA, 95060; 7252 Munson Way, Sacramento, CA, 95823; 5412 47th Ave, Sacramento, CA, 95824; 2088 W. La Loma Dr, Rancho Cordova, CA, 95670; 1101 Prospect Ave, Santa Rosa, CA, 95409"
California Club,538 S Flower St
Camino Town & Country,2213 - 2281 El Camino Real
Canal Road Warehouse-Refinance,5535-5555 Canal Road
Cane Run & Bridwell Apartments,4950 Cane Run Rd; 3311 Bridwell Dr
Capital Towers,4808 Six Forks Road
Capital Towers,4808 Six Forks Road
Capital Towers,4808 Six Forks Road
Capstone Distribution(Rouse),2100 & 2120 Capstone Drive
Carlsbad Oaks North - Lot 4,2810 Caribou Court
CarMax,877 Brevard Road
Carnaby Center,5929-5975 E Main St
Carriage Gate Refinance,833-859 Eastern Bypass
Carriage House,3535 Derbyshire Drive
Carriage House,3535 Derbyshire Drive
Carrington Chase,6280 South Norcross-Tucker Rd
Carrington Court,3800 Club Dr
Carson 7th St,10750 7th Street
Carson Bayport III Bldg 4,4311 Malone Drive
Carson Curtiss Willard Bldgs,1651 Glenn Curtiss & 1550 - 1650 Charles Willard
Carson Town Center,500 Carson Town Center
Casa de Oro Shopping Center - 2019,9817-9845 Campo Road
Casa del Sol,10966 W. Ratner St.
Cascade & Bradenton Portfolio,"130, 150 & 250 E Wilson Bridge; 5025 Bradenton Ave"
Catalina Club Luxury Apartments,100 Catalina Lane
Cayuga Place Assumption,131 E Green St
CCLRC/ Developer Partnership Program,18416 Lakeshore Bl
CCLRC/ Developer Partnership Program,15409 Parkgrove
CCLRC/ Developer Partnership Program,16722 Grovewood
CCLRC/ Developer Partnership Program,2460 Greenvale
CCLRC/ Developer Partnership Program,13809 Earlwood
CCLRC/ Developer Partnership Program,908 Stevenson
CCLRC/ Developer Partnership Program,16010 Arcade
CCLRC/ Developer Partnership Program,15314 Shiloh
CCLRC/ Developer Partnership Program,1259 E 187
CCLRC/ Developer Partnership Program,1309 E 188
CCLRC/ Developer Partnership Program,1422 E 175
CCLRC/ Developer Partnership Program,932 London
CCLRC/ Developer Partnership Program,496 E 108
CCLRC/ Developer Partnership Program,382 E 162
CCLRC/ Developer Partnership Program,463 E 118
CCLRC/ Developer Partnership Program,505 E 109
CCLRC/ Developer Partnership Program,509 E 109
CCLRC/ Developer Partnership Program,429 E 156
Cedar Moor Apartments (AHF),2410 Melvid Court
Cedar Ridge Apartments,7601 9th Ave
Centennial Village Bridge (SVN),1200 E State St
Chagrin Riverwalk Residences East,38601 Mentor Avenue
Champion Club Apartments Supplemental,6751 Parkland Place
Charing Cross Apartments,301 Cromwell Drive
Chariot Run Condominiums,5601 Chariot Run Drive
Charlestown Crossing Apartments,5000 Charlestown Crossing Way
Chasewood Gates,6100 Chasewood Parkway
Chautauqua Park West,100 Liberty Hill Drive
Chesapeake Apartments,2307 Cumberland Circle
Cheshire Commons,6430 W Sugar Creek Road
Cheshire Place,3716 W WT Harris Boulevard
Chrin Commerce Center (Lot 29),2505 Hollo Road
Chuy's Southport,4670 Southport Crossings Drive
City Pointe Apartments & Townhomes,401 Jeanette Benton Drive
City View Apartments,95 Kentucky Drive
Cleveland State University- Union Bldg,1836 Euclid
Clifton Properties,12203 Clifton Blvd
Clinton West,3007 Clinton Avenue
Clydesdyale Parkway consulting fee,4330 Clydesdale Parkway
CMHDC Acquisition Line of Credit,225 W. Wacker Drive
College Glen,4870 55th Lane SE
College Glen,4870 55th Lane SE
Colony Club Apartments and Townhomes,681 Turney Road
Colony Place,7809-7845 Colony Road
Columbia Heights Apts,3806-3816 NE Stinson Blvd
Columbia Ventures - Predev LOC 2017,678 Edgewood Ave; 4800 Race Street
Columbia Ventures - Predev LOC 2017,678 Edgewood Ave; 4800 Race Street
Columbia Ventures - Predevelopment LOC,4800 Race Street
Columbus Commons,155 West Mills Street
Columbus Plaza,250 West Mills Street
Columbus Portfolio Hibernia Mallard Landing Timbercreek,"5680 Hibernia Dr,
2514 Mallards Landing
3264 Green Meadows St"
Connect SLO Apartments,950 Orcutt Road
Conner Shoppes,3065 North Bend Road
Connery Place-Supplemental,8130 SE Mill Street
Continental Plaza,"401, 411, 433 Hackensack Ave"
Copley Park Supplemental,7505 Worthington Galena Road
Cornaga Commons,19-38 Cornaga Avenue
Coronado Springs Cottages,1400 SW 107th Street
Cottages at Indian Creek,"444 Jeff Rd, Northwest"
Country Club Estates Supplemental - DMG,4011 Bramblewood Drive
Country Village MHC - Assumption,913 Cottonwood Cir
Country Village Mobile Home Community,913 Cottonwood Circle
Countrywood Apartment Homes,17700 SW Shaw Street
Court Fairview MHC,833 High View Dr
Cozy Manufactured Home Community (DRS),1249 East McDevitt Avenue
CPAH Cedar Grove LP,812 NW Murray Blvd
Crane Factory Flats,824 Broadway Street
Creekside at Osgood II,4707 46th Street South
Creekview Estates,400 N. Walnut Street
Crescent Hill Apartments (AHF),108 Pineneedle Dr
Croatan Forest Apartments,25 Mustang Court
Croddy Way Industrial,2610 - 2612 Croddy Way
Crosslake Expo Center,131 Crosslake Park Dr.
Crystal Court Apartments - Loan,6001 Bass Lake Rd
Crystal Creek Park Apartments,8101 Honeywood Trail
Dave Indy Refinances - Apache MHC,2400 Arroyo Drive
Deauville Apartments,8260 E. Ten Mile Road
Decatur Downs,409 E. Edgar Bergan Blvd.
Deer Park & Apple Run Apartments,301 NW Williams Ave & 2403 NW 23rd St Building
Deer Springs Village,6680-6770 N. Hualapai Way
Deercross Apartments,9210 Deercross Parkway
Del Monte Manor,1466 Yosemite St
Delmoor Apartments,3414 Telford Drive
Denver Metro Village,1523 Quitman Street
Derby Run Apartments,6 Derby Drive
Diane's House,2619 Bladensburg Road NE
District at Tuttle Refi,4020 Cyber Avenue
DMG - Carlisle Crossing,950 Dubois Road
Doubletree Irvine Spectrum (Blend & Extend),90 Pacifica
Dr. Alice Moore Apts.,335 27th Street
Dr. Alice Moore Apts.,335 27th Street
Dr. Pepper Snapple (Refi),8400 Darrow Rd
Duckwood Square - 2019,1340 Duckwood Drive
Dunmanway Apartments,2900 Dunran Road
Eagle Heights Village Phase 1,2600 East Eagle Mountain Boulevard
Eagle Heights Village Phase 1,2600 East Eagle Mountain Boulevard
Eagle Heights Village Phase 2,2602 East Eagle Mountain Boulevard
Eagle Heights Village Phase 3,2604 East Eagle Mountain Boulevard
Eagle Heights Village Phase 4,2606 East Eagle Mountain Boulevard
Eagle Market Place,21 Eagle Street
East Village Homes,302 E. 2nd Street
Eastern Park Apartments,711 Eddy Street
Eastgate Business Center,1801-1831 Deffenbaugh Court
Eastwind Drive Industrial,975 Eastwind Drive
Edge on 4th Apartments - 2nd,535 S. 4th Street
Edinburgh Plaza,1400-1460 85th Ave. North
Edroy Court Apartments,2702-2746 Edroy Court
El Paseo Plaza,312-320 E Wyatt Drive
El Paseo Plaza and Marketplace,73-547 to 73-613 Highway 111 & 73-540 to 73-580 El Paseo
Emerald Alliance XI,3873-3881 West 25th Street
Encore on Northern,2233 W. Northern Avenue
Energy Tech Center,1450 Energy Park Dr
Ennis MHP (Reynolds Crossed Portfolio),2700 N Interstate 45
Equity Plus/Avi Fechter,400 East Church St
Eritrean Community and Civic Center,2154 24th Place NE
Essie Jeffries Apartments HDFC,"531 W. 160TH STREET 
547 W. 160TH STREET 
500 W. 159TH STREET"
Exact Capital - Blondell Commons,1340 Blondell Avenue
ExchangeRight 26,Various
ExchangeRight 27,Various
ExchangeRight 28,Various
ExchangeRight 29,scattered sites
ExchangeRight 30,"AutoZone, Chicago, IL; Dollar General, Altoona, PA; Dollar General, San Angelo, TX; Dollar General, Copperas Cove, TX; Walgreens, Flourtown, PA; Tractor Supply, Canton, GA; Tractor Supply, Hammond, LA; Tractor Supply, Brunswick, GA; Giant Eagle, Homestead, PA; Giant Eagle, New Albany, OH; Dollar General, Baton Rouge, LA; Dollar General, Baton Rouge, LA; Dollar General, Mandeville, LA; Dollar General, Lafayette, LA; Tractor Supply, Canton, MI; Walgreens, New Berlin, WI; Walgreens, Sheboygan, WI; Walgreens, Waukesha, WI; Walgreens, Ypsilanti, MI; Fresenius Medical Care, Marrero, LA; Walgreens, Midland, MI; Dollar General, Stockbridge, GA; Hobby Lobby, Pearland, TX"
ExchangeRight 31,"6150 Egan Drive, Savage, MN; 5461 New Albany Road West, Albany, OH ; 6301 Veterans Parkway, Columbus, GA; 17 West Golf Road, Des Plaines, IL; 1199 West Dundee Road, Wheeling, IL; 463180 State Highway 200, Yulee, FL; 520 E Market Parkway, Belton, MO; 280 McMahan Boulevard, Marion, OH; 3120 Chicago Road, South Chicago Heights, IL; 3942 Navarre Avenue, Oregon, OH; 2131 East Laraway Road, New Lenox, IL; 16 Ridge Avenue, Danville, IN; 921 Lila Avenue, Milford, OH; 2422 College Avenue, Alton, IL; 506 Riverstone Parkway, Kankakee, IL; 2650 Cruse Road, Lawrenceville, GA; 7216 Brook Road, Richmond, VA; 3100 Dauphin Island Parkway, Mobile, AL; 1437 Highway 92 North, Fayetteville, GA; 2227 Garden City Boulevard SE, Roanoke, VA; 2370 Highway 155 North, McDonough, GA; 1109 South Gordon Street, Alvin, TX; 5768 Three Notch Road, Mobile, AL; 1455 Martin Luther King Drive, Prattville, AL; 3101 Mount Vernon Ave, Evansville, IN"
Executive Boulevard Industrial III,6094-6104 Executive Boulevard
Fairfax Business Center,"101, 102, 120 & 2100 Fairfax Rd. & 2015 Kaufelt St."
Fairview Gardens,3207 Franklin Blvd
Falcon Gateway,"4401, 4405 & 4409 E. McKellips Rd"
Falls of Hoover - Assumption,3900 Galleria Woods Drive
Fat Heads,17450 Engle Lake Drive
Fayette Square,637 Fayette Square
Fenton National City Portfolio,Various
Fernwood Apartments,18713 Central Point Road
Fiesta Center I,1313-1315 W. Lane Avenue
First Federal Plaza Lakewood,26614 Lorain Ave
First Plaza,1985 Tate Boulevard SE
"Five Star, Westland MI",5235 South Merriman Road
Fleming Court,1008 SW Fleming Court
Flock Apartments,865 Sanborn Avenue
Fond du Lac Reservation FDL Energy Efficient Home,1784 Jarvi Road
Fond du Lac Reservation FDL Energy Efficient Home,2737 Simon Road
Fond du Lac Reservation FDL Energy Efficient Home,7915 Simon Road
Foreclosure Redevelopment,1366 Lockhaven Circle S.W.
Foreclosure Redevelopment,1426 Thunderwood Lane S.W.
Foreclosure Redevelopment,960 Mayson Turner Road NW
Foreclosure Redevelopment,1209 Old Greystone Drive
Foreclosure Redevelopment,1410 Graymont Drive S.W.
Foreclosure Redevelopment,3396 Spring Valley Road
Foreclosure Redevelopment,5403 Ridge Forest Drive
Foreclosure Redevelopment,1703 Windy Ridge Court
Foreclosure Redevelopment,2000 Blayton Circle NW
Foreclosure Redevelopment,2229 Venetian Drive SW
Foreclosure Redevelopment,"233 Banberry Drive, SE"
Foreclosure Redevelopment,3106 Gwinnstone Circle
Foreclosure Redevelopment,3370 Lynfield Drive SW
Foreclosure Redevelopment,4435 Wood Hollow Court
Foreclosure Redevelopment,5370 Queen Ester Court
Foreclosure Redevelopment,110 White Acres Drive
Foreclosure Redevelopment,2634 Plantation Drive
Foreclosure Redevelopment,3958 Springleaf Drive
Foreclosure Redevelopment,4276 North Giles Road
Foreclosure Redevelopment,4564 Arbor Walk Court
Foreclosure Redevelopment,6929 Hickory Log Road
Foreclosure Redevelopment,2176 Pinehurst Drive
Foreclosure Redevelopment,302 Bromack Drive SE
Foreclosure Redevelopment,3715 Creekwood Drive
Foreclosure Redevelopment,6200 Shallowford Way
Foreclosure Redevelopment,1342 Akridge Street
Foreclosure Redevelopment,2436 Shoals Terrace
Foreclosure Redevelopment,5461 Station Circle
Foreclosure Redevelopment,5797 Cobbrook Drive
Foreclosure Redevelopment,5916 Earlwane Drive
Foreclosure Redevelopment,1096 Sharonton Way
Foreclosure Redevelopment,1871 Conrad Avenue
Foreclosure Redevelopment,1952 Fairburn Road
Foreclosure Redevelopment,2018 Northerly Way
Foreclosure Redevelopment,2061 Appaloosa Way
Foreclosure Redevelopment,2697 Morris Street
Foreclosure Redevelopment,3485 Spring Circle
Foreclosure Redevelopment,3947 Fennel Circle
Foreclosure Redevelopment,6215 Havana Street
Foreclosure Redevelopment,6584 Snowbird Lane
Foreclosure Redevelopment,892 Spencer Street
Foreclosure Redevelopment,108 Bisbee Avenue
Foreclosure Redevelopment,1850 Grove Avenue
Foreclosure Redevelopment,1992 Morris Drive
Foreclosure Redevelopment,2463 Jewel Street
Foreclosure Redevelopment,2941 Trickum Road
Foreclosure Redevelopment,410 Pomona Circle
Foreclosure Redevelopment,43 Finch Drive SE
Foreclosure Redevelopment,461 Pomona Circle
Foreclosure Redevelopment,5279 Orly Terrace
Foreclosure Redevelopment,1900 Meadow Lane
Foreclosure Redevelopment,1936 Meadow Lane
Foreclosure Redevelopment,7845 Dogwood Way
Foreclosure Redevelopment,2459 Susan Lane
Foreclosure Redevelopment,3197 Dale Lane 
Foreclosure Redevelopment,998 Wayne Drive
Foreclosure Redevelopment,620 Iris Road
Foreclosure Redevelopment,67 Holly Road
Forest Park X,8333 Forest Point Blvd
Forest Ridge Apartments,100 Ashewood Circle
Fountainhead 29 Palms,73690 Twentynine Palms Highway
Fountainhead Garden Grove,10801 Garden Grove Blvd
Fountainhead Santa Ana,1230 E McFadden Ave
Fox School,10 E. Main St.
Freedom Village at Robbinsville,Route 33 and North Commerce Square
Friendship House,1010 Cumberland Ave
Futura Business Park,9445-9465 Farnham Street
Gage Crossing,5927 Avery Woods Avenue
Gainesville VA Senior Living,7717 James Madison Highway
Garfield Villas Refinance,5150-5200 East 88th Street
Garrett County MD/Chataugua Park West,104 East Center St
Gateway,3500 Walden Street
Gateway Lakes Apartments,3799 Gateway Lakes Drive
Georgian Terrace and Chestnut Hill (Marietta Portfolio),246 Chestnut Hill Rd SW
Georgian Terrace and Chestnut Hill (Marietta Portfolio),1565 Austell Rd SE
German Corner MHC - Supplemental,11516 East 113th Place
Germantown Square SC Refinance,1227-1265 Goss Avenue
Giant Eagle - North Ridgeville,34259-34373 Center Ridge Road
Glacier Village,9107 Mendenhall Mall Road
Glendale,"71-15 65th Street
71-21 65th Street
71-27 65th Street"
Global Drive Retail Center (Acquisition),7001 Global Drive
Global Drive Retail Center (Refi),7001 Global Drive
Go Store It - Okatie,5 Stockade Dr
GOJO Wooster Manufacturing,1147 Akron Road
Golden Key Apartments,3430 Albermarle
Golden Key Apartments,3430 Albermarle
Golf View MHC - Bridge Loan,265 Golfview Court
Golfview Manufactured Housing Community,1 Golfview Court
Gordon Square,5245-5333 Beach Blvd
Govans Ecumenical Development Corporation,1010 E 33rd Street
Grafton MHP (Reynolds Crossed Portfolio II),1590 Stewart Dr
Grand Pre Apartments-Refinance,215 County Road B2 E
Grand Villa MHC,2526 W Grand St
Grant Street,702-04 Grant Street
Grant Street,917 Grant Street 
Green Industrial Portfolio II,"5791 Creek Rd, 11430, 11472 & 11574 Gondola St., 4483 N. Route 42,"
Green Road Office Building,3637 Green Road
Greydon House (GOP Portfolio),5284 Avery Road
Greyhound Village Supplemental,3701 Shelby Street
Groesbeck Gardens,5850 Pameleen Court
Grove at St. Andrews,716 Zimalecrest Drive
GSH Housing Programs,"98 managed or owned scattered-site affordable rental housing units in muliple locations along Richmond Hwy, Alexandria, VA"
GSH Housing Programs,"5 owned scattered-site affordable rental housing units in muliple locations along Richmond Hwy, Alexandria, VA"
Guardian Angels,208 4th Street E
Guardian Angels Apartments & Townhomes,208 Fourth Street East
Gunbarrel Center,5340 Gunbarrel Center Court
Haddies Shell Station,7711 N. El Capitan Way
Hallmark Apartment Homes,840 S Magnolia Avenue
Hamilton Crossing,31731 Waller Tomball Road
Hampton Terrace,300 East Webster St
HANO Rental Scattered Site Development ,1400-40 General Ogden St. (20 units) ; 1000 Melpomene St. (6 units); 8951 Birch St. (4 units); 8729 Plum St (2 units); 1711-35 Cambronne St (12 units); 3249 Tchoupitoulas (32 units); 1417-19 General Ogden St. (2 units); 1433-39 General Ogden St (2 units); 1738 – 40 General Ogden St (2 units) 
Harlem Gardens,1700 Edmondson Avenue
Harlow Apartments - DEBT,10620 W Alexander Rd
Harlow Apartments - EQUITY,10620 W Alexander Rd
Hart,2402 Hart
Hart,2405 Hart
Hartford Villa,445 Hartford Avenue
Hartzell Place Apartments,1627-1659 Hartzell Road
Hatch Apartments,581 Hatch
Havenpark (Fund IV) CF III Addition II - Colonial Estates & Bel Clare,"1501 E Bismarck Expressway,"
Havenpark (Fund IV) CF III Addition II - Colonial Estates & Bel Clare,3210 Bel Clare Drive
Havenpark (Fund IV) CF III Additions-I,1 Shannon Drive
HavenPark (Fund IV) CF III-3 Properties,Multiple (3 Properties)
Havenpark CF III - Addition IV,1001 Gibraltor Avenue
Havenpark CF III - Addition IV,2500 5th Avenue South
Havenpark CF III - Addition IV,6610 Lear Nagle Road
Havenpark CF III - Addition IV,825 1st Avenue East
Havenpark CF III - Addition IV,4359 Dogwood Blvd
Havenpark CF III - Addition V (QCA),5975 NE Berwick Dr
Havenpark CF III - Addition V (QCA),1440 W Plum St
Havenpark CF III - Addition V (QCA),3701 2nd St
Havenpark Montana - Bridge,3200 King Avenue West
Havenpark Montana - Bridge,4111 Highwood Drive
Havenpark-New Horizons & Holiday Park,511 East 1st St
Hazeltine,5038 Hazeltine Avenue
HbH Phase 3 - CNI Treme,2205 St Bernard
HbH Phase 3 - CNI Treme,2529 Lapeyrouse
HbH Phase 3 - CNI Treme,1473 N Prieur
HbH Phase 3 - CNI Treme,2451 LaHarpe
HbH Phase 4 - Cross Subsidy Pilot,1506 Pressburg
HbH Phase 4 - Cross Subsidy Pilot,1471 Filmore
Health Park - Perm Loan,100 300 & 400 Health Park Dr.
Heights at McArthur Park,2523 Mulranny Drive
Henrico Arms,1600 Henrico Arms Street
Heritage Elkin,500 Johnson Ridge Road
Heritage Landing,9505 - 9545 State Route 14
Heritage Park at Crane Creek,Leonard Weaver Boulevard
HFH Homeless Program,709 Bayley Place SE
HFH Homeless Program,709 Bayley Place SE
HGI Wallingford,1181 Barnes Road
High Point at Jackson Walk,238 West Deaderick
Highland Industrial Center - Refinance,"2910,2950,2960,3000 & 3010 S. Highland Drive"
Highland Place,6151 Wilson Mills Road
Highland Ridge Apartments,1400 Highland Ridge Boulevard
Highland Ridge Bridge,1400 Highland Ridge Blvd
Hillside Garden Apartments,1393 Chestnut Plains Court
Hillside Village (Rogue River Port),156 E Montgomery Ave
Historic Homes,10624 Wade Park
"Hobby Lobby, Searcy, AR",1211 Janet Drive
Holiday Inn Express-Fremont,42200 Albrae Street
"Holland,  MI OReilly",1000 Washington Avenue
Holly Hills Apartments,339 Holly Street
Holly Hills Apartments,339 Holly Street
Home 2 Suites / Tru Hotel,I-71 & Stringtown Rd
HOME Ten Circle ,1100 and 1102 Burch Ave.
HOME Ten Circle ,702 Carroll Street
HOME Ten Circle ,825 Exum Street 
Homes on Quaker Lane,17340 Quaker Lane
Houston Windfern Service King,Hwy 290 & Windfern
Hubbard Park Place,797 N Wall St
Hughes Tech Center - 585 Pilot Road,585 Pilot Road
Hughes Tech Center - 625 Pilot Road,625 Pilot Road
Hunters Crossing Apartments,100 Hunters Crossing Drive
Hunters View Apartments,3807 30th Ave S
Huntley I & II,6999 - 7029 Huntley Road
Hyacinth's Way,Bruce Place SE
Hyacinth's Way,Bruce Place SE
Ideal Mobile Home Park,2700 Brookpark Road
Imbus Self Storage,6128 Pleasant Avenue
Imbus Self Storage,6251 Glenway Avenue
Imbus Self Storage,874 State Route 28
Impact Portfolio (Bank/Bridge) - Pool 1,"328 W. 53rd St, Anderson, IN; 1625 B St., Anderson, IN; 304 W. Hayes St, Hazelton, IA; 3510 North 9th St., Carter Lake, IA; 1980 W Jefferson St, Plymouth, IN; 511 McrVIenamySt., Larimore, ND; 222C Prospect Circle, Junction City, KS; 3310 County Rd. 496, Ishpeming, MI; 728 N. Lake Dr., Ishpeming, M; 201 6 Street, Ferrelview, MO; 518 E Capital Ave., Grand Island, NE; 5702 N 16th St. & 5530 N 16th St., Omaha, NE; 14CC E. Rooseve t Ave., Grants, NM; 284 Sandusky St., Mechanicsburg, OH; 19651 N. Filhway 177, Tecumseh, OK; 2524 N. Harrison St., Shawnee, OK; 6230 M. GilletteAve., Tulsa, OK; 221 Sand H-   Rd., Greensburg, PA; 216 Sand H-   Rd., Greensburg, PA; 800 Southwind 3,vd., Robinson, IL; 2100 Tri-Level Lane, St Joseph, MO; 3008 Balch Springs Rd., Balch Springs, TX; 4413 N.Texas Ave., Bryan, TX; 111C Indian Trail, Harker Heights, TX; 401 Silent Valley Rd., Lockhart, TX"
Impact Portfolio (Bank/Bridge) - Pool 2,"1005 S Stewart Rd., Mission, TX 78572; 1707 E Blanchard Ave, Hutchinson, KS 67501; 224 Pitcher Park SE, Devils Lake, ND 58301; 4971 Pleasant Ave, Fairfield, OH 45014; 110 Jones St, Hamlet, NC 28345; 26 Pattie Dr., Oakwood, IL 61858; 2101 3rd St. NW, Minot, ND 58703; 8105 Research Blvd, Austin, TX 78758; 6000 Beth Ave, Canton, OH 44706; 3525 OH-59, Ravenna, OH 44266; 4668 Herner County Line Rd, Southington, OH 44470; 608 Blaine Pike, Portland, IN 47371; 4835 Sturgis Rd., Rapid City, SD 57702; 271 Green St., Springport, MI 49284; 5101 Leonard Rd, Bryan, TX 77807; 2201 N Hwy 77, Wahoo, NE 68066; 783 Willow Bend Place, Fenton, MO 63026"
Indian Lake Apt (Henderson 1575),NWC Henderson & Old Alice
"Indianapolis, IN OReilly",1192 North Arlington Ave
Infinity Park Townhomes,14075 Riverview Street
International Village,"Clark Fulton, Stockyards Neighborhoods - 3145 W 46th St"
IRET/Securian Portfolio I,18001 Jubilee Way
IRET/Securian Portfolio I,9670 Berry Plaza
IRET/Securian Portfolio I,690 Prosper Dr.
IRET/Securian Portfolio I,5900 Roose St.
IRG Moraine,2601 West Stroop
Irvine Park Tower - Refi,291 7th Street W
J Kirby Development/Riverwatch II, 5670-A Furnace Ave 
Jackman Grove Apartments,4449 jackman rd
"Jackson, MI OReilly",300 E Michigan Avenue
Jerome Court,1769 Jerome Ave
Jordan Bluffs,8095 South Seghini Drive
Juan Tabo,11000 Montgomery Blvd NE
Judson Mill,69 Westerfelt
Jurupa Springs,8910 Limonite Avenue
Kanter Portfolio,Various
Kemp & Sherman-Wow,32650 N. Avis
Kennedy Park Townhomes,18721 17th Avenue North
Kensington Garden,1900 26th Ave
Kensington Square Apartments,535 S. Abbe Road
Kentwood MHP (Reynolds Crossed Portfolio II),6122 Division Ave S
Kettle Point,12 Captain John Jacobs Rd
Keystone Place,1331 Pullman Drive
KFC - Fremont,1712 W. State Street
Kids & Company,657 W. Fulton Market Unit 1
Kings Crossing,2985 Villa Rica Highway
Kings Forest Apartments,19300 Fort Street
Kirkwood Apartments,14041445 Kim Ct & 12-107 Kim Louise Drive
Knoxville Industrial,2801 Red Dog Lane
KPS Whitcomb,1101-1115 E. Whitcomb Ave.
La Cadena Business Park,"393,425 & 455 La Cadena Drive"
La Villa Hispana MetroHealth District Affordable Housing Initiative,3239 W 52nd Street  (scattered sites)
Labelle Towers,33 Labelle St
LaFeuille Apartments,2682 LaFeuille Circle
Lake Apartments,241 N. Lake Street
Lake Club at Polaris Supplemental,1038 Bayridge Dr
Lake Lemon MHC,9655 E Northshore Dr
Lakeshore Plaza,22840 Lakeshore Blvd
Lakeside Landing Supplemental,67 Blue Stone Court
Lakeview Gardens Apartments,111 Erie Court
Lakewood Apartment Portfolio,14547 Madison Avenue
Lakewood Apartment Portfolio,16804 Madison Avenue
Lakewood Apartment Portfolio,15217 Madison Ave
Lakewood Apartment Portfolio,16500 Detroit Ave
Lakewood Isles,3031 Ewing Ave S
Lamplighter Camarillo Mobile Park,3905 Via Rosal
Landau Apartments,1321 South Broad Street
Lathrop,1409 Lathrop 
Lathrop,1411 Lathrop
Launch Intl Portfolio,multiple addresses
Lawrence Downs,595 South Paw Paw Street
Lawyer's Square,9229 Lawyers Square Road
LDG Industrial - Riverport,7001 Greenbelt Highway
Lee Walker Heights- RAD,17 Wilbar Ave
Legacy Apartments,730 Civitas Avenue
Legacy House,"4248 10th Avenue
2245 Salisbury Drive
5941 Texas Street"
Legacy Trails of Decatur,228 Buchanan Road
Legends Winter Springs (Legends),440 Courtney Springs Circle
Lexington Market,400 W. Lexington St. and 200 N. Paca Street
Lexington Market,400 West Lexington Avenue
Liberty Bank,2320 E Union St
Liberty Dialysis,2071 Sherman Avenue
Lima Marketplace,12000 lima road
Lincoln Plaza,3050 W. Lincoln
Lincoln Road Phase I,1021 & 1028 Lincoln Rd
Lincoln Tower Apartments,2017 Lincoln St East
Linden Place (DRS),4192 South Linden Road
Link Grant Park,750 Kalb Street
Little Traverse Village,301 Lafayette Avenue
Little Traverse Village - Bridge,301 Lafayette Avenue
Livingston Park & Rockport,"3090 Livingston Rd, Cleveland, OH, 44120; 14710 Puritas Ave, Cleveland, OH, 44135"
Lofts @ City Center,213 West Ave
Lofts at Six Mile Creek Assumption,217 South Cayuga Street
Lone Oak Apartments,101 Lone Oak Drive
Lone Oak Plaza,1250 Lone Oak Road
Long Beach Industrial,2300-2396 & 2200-2240 E Artesia Blvd
Long Crest Senior Housing,924 W Walnut Steet
Loop Exchange Apartments,"721 Interdrive, 723 Interdrive, 725 Interdrive, etc"
Lori Lee Estates,1 Lori Lee Drive
"Lowe's - Concord, NC",940 Concord Parkway North
Loyalhanna Apartments,1111 Jefferson St
Lynchburg Crossing,5909 & 5943 NC-11 South
Lyon Oaks Industrial Center - Assumption,29200 Lyon Oaks Drive
M2J Business Park,"6300 NW James St. Road and 3000, 3012, 3110 & 3104 NE Minnehaha Blvd."
Madisonville Development 2.0,Madison and Whetzel
Magnolia Lane,60 Passaic Avenue
Magnolia Parc Apartments,8000 Perry Street
Magnolia Real (2019),12021 Magnolia Blvd
Majestic Ranch,Intersection Callaghan Rd & Woodside Dr
Mallard's Landing & Timercreek Village,2514 Mallards Landing & 3264 Green Meadows
Mandel / United Way of Greater Cleveland,1331 Euclid Ave
Mansions at Canyon Creek,9550 Zarda Dr.
Manteca Dupont Industrial,1310-1324 Dupont Court
Mapes Avenue,2126 Mapes Avenue
Maple Research Park,1650-1965 Research Drive
Maplewood Apartments,3440 and 3444 Telford Street
MAPS Senior Living,354 W. William Way
Market Heights,1000 Tompkins Ave
Market Heights,1000 Tompkins Ave
Markham Plaza I,2000 Monterey Road
Maruga Warehouse Supplemental,"One Litho Way,"
Mason Run Apartments,2223 Courtside Dr
McCarran 80 Business Center,305 E. Glendale Avenue
McKee Farms,3110 Fincher Farms Road
McNeill Birmingham/Columbia,2725 John Hawkins Parkway
Meadows,30 Brown Rd.
Meadows Greenville MHP (Reynolds Crossed Portfolio),115 Batson Dr
Meadows Senior Apartments,603 Brassey Street
Meridian Garden,13101 SE 240th Street
Mesa View Plaza,9350 Waxie Way
Metro Heights at Mondawmin,2700 Reisterstown Rd
MetroCenter,6161 Oak Tree Blvd
Michigan MHC Portfolio,2701 Huizenga Street
Michigan MHC Portfolio,1301 Avenue A
Michigan MHC Portfolio,1267 Avenue A
Midtown Tech Park,6700 Euclid
Midway Village (Reynolds Crossed Portfolio II),6909 N County Road M
Midwest Country Estates,16850 Hickman Road
MidWest Country Estates MHC - Bridge Loan,123 Main Street
Midwest Medical Transport,10617 Cedar Avenue
Millennium Apartments,1714 Seiifried St
Mills Crossing,2351 Len Patterson Road
Millstream Gardens Apartments - Refi,639 S. Main Street
Mingo Creek,1609 Plexor Lane
Mission Plaza Apartments,1731 Mitchell Avenue
Mission Square Shopping Center,1006-1064 Mission Avenue
Mister Car Wash Felizabeth Escuadro Trst,44 Aspen Drive
MLK Wellness Center,"12021 Wilmington Avenue, Building 11"
Mobile Estates,1717 5th Street
Monroe Gates,20 Libby Street
Mount Pleasant Creative Office,774 S Shelmore Blvd
Mt. Sterling Senior,Bartholomew Fair Drive (Between Price Cascades Plaza and Benedict Drive)
Mueller Lofts,1587 E 31st Street
Murray Depot Apartments,54 West Fireclay Ave
Nationwide Regional HQ Office & Parking Garage,18700-18710 N. Hayden Road
NCALL - Connections CSP,22910 Pine Road
Neighborhood Development Company,3451 Benning Road
Neighbors Invest in Broadway,3540 Independence
Neighbors Invest in Broadway,6409 Fullerton 
Neighbors Invest in Broadway,3620 East 54th
Neighbors Invest in Broadway,4007 East 55th
Neighbors Invest in Broadway,4075 East 56th
Neighbors Invest in Broadway,4015 East 55th
Neighbors Invest in Broadway,3782 East 54th
Neighbors Invest in Broadway,7300 Canton
Neighbors Invest in Broadway,6916 Hosmer
New Construction,2228 St. Anthony
New Construction,2228 St. Anthony
New Construction,5319/21 Urquhart
New Construction,1247 Tennessee
New Construction,6160 S. Hermes
New Construction,6170 S. Hermes
New Construction,2424 S. Roman
New Construction,6020 Dorothea
New Construction,6160 S.Hermes
New Construction,2408 Dumaine
New Construction,2051 N. Miro
New Construction,2141 Mazant
New Construction,6501 Dorian
New Construction,6501 Dorian
New Construction,1906 Andry
New Construction,2501 Port
New Construction,6535 Foch
New Construction - Kenner Restore,6120 S. Hermes
New Construction - OHIP/ New Orleans Redevelopment Authority,4526 Mark Twain
New Shiloh Village Apartments,1930 Windsor Ave
Nicholas Apartments - I,85 North High Street
NOAH Homeownership Project," 603 Virginia Ave, 225 Montgomery Ave, and 231 Montgomery Ave"
Normandy Green Apartments,6805 Sebree Drive
"Northern Stacks V, VI, VII","51 Northern Stacks Ct, 40 51st Way, 60 51st Way"
Northgate Shopping Center,1500-1572 125th Ave NE
NorthPark Place,1350 Gage St.
Northridge Retail Center,10141-10235 Reseda Blvd; 18506-18540 Devonshire Street;
Northtown Retail Center - Refi,8601 Spring Brook Drive
Oak Apartments ,101 Lone Oak Drive
Oak Creek at Polaris,9005 Oak Village Boulevard
Oak Grove Greenville (Reynolds Crossed Portfolio),41 Dixie Cir
Oakbrook Apartment Homes,7670 North Oakbrook Drive
Oakbrook Town Center,7500 Oakbrook Dr.
Oakland CLT - SFH Portfolio,"8020 Hillside St
2735 76th Ave
2684 Ritchie St"
Oakwood Commons,1876 Warrensville Center Rd
Oakwood Senior,5815 S Van Dorn St
Ochsner Health Clinic,1532  Robert E. Lee Blvd
Old Fern Valley Industrial,1224 Old Fern Valley Road
Olde Towne @ Berewick,50 Berwick Blvd.
One University Circle (Permanent),10730 Euclid Avenue
Orchard Knoll Office Building,8351 N. High Street
Ottawa Landings Luxury Apartments - DMG,4005 Hill Ave.
Our Town Square - Bridge,971 North Main Street
Overland Park (GOP Portfolio),201 Courtright Drive East
Ox Fibre Brush Factory Apartments,400 E. Church Street
Pacific Edge Industrial,"2300 Redondo Avenue, 3200 & 3600 E. Burnett Street"
Palisades Apartments,550 Sandhurst Drive West
Palm Plaza,17900 Panama City Beach Parkway
Panorama Estates MHC,591 S 9th Street
Paradise Valley MHC,585 25 1/2 Rd
Paragon Place Office Building,9100 Shelbyville Road
Park East Apartments (Supplemental),14609 Banyan Bluff Drive
Park Magnolia Apartments,15610 Tustin Village Way
Park View 2018 Portfolio 1,Featherbed and Taylor
Park West Apartments,250 S. Heath Rd
Parks at Kirkstall,300 Kirkstall Dr
Parkside at Quarry Yards,1314 Donald Lee Hollowell Parkway
Parkview at Taylor,4102 Taylor Avenue
Parkview at Woodlawn,2020 Featherbed Lane
Pathways at Lakeside,85 Trinity Street
Patriot Pointe,Resource Dr & SE Loop 820
Paul's Place 2 Leverage Loan,925 Washington Boulevard
Paul's Place 2 Leverage Loan,1111 Washington Blvd
PE2 LLC,700 Manida
Pebble Creek - Bridge Loan,4251 Jimmy Johnson Blvd
Pebble Creek Apartments,4251 Jimmy Johnson Blvd
Pedestal Gardens,1213-1215 Eutaw Place
Pedestal Gardens,1715-1717 Eutaw Place
Pedestal Gardens,1613-1617 Eutaw Place
Pedestal Gardens,1512-1516 Eutaw Place
Pelton - Deal,2258 Literary Road
Penn & Camden,3520 Penn Ave
Peyton Park (GOP Portfolio),2581 Walcutt Rd.
Piedmont Place Apartment Homes - Assumption,5817 Garden Village Court
Pilot Scattered Sites ,1506 Pressburg
Pilot Scattered Sites ,1471 Filmore
Pilot Scattered Sites ,1370 Mithra
Pine Ridge Apartments (Supplemental),3232 Pine Road
Pinecroft Shopping Center,NC 211 & Main St. aka 110-305 Ivey Lane
Pinewood and Mountain Valley MHP,2400 Arroyo Drive
Pinewood and Mountain Valley MHP,235 N 2nd Street
Pinewood and Mountain Valley MHP,171 CO-133
Pinewood Manor,20 Manor St.
Pinewood Village II,755 South Rogers Street
Pinole Apartments,600 Roble Avenue & 1230 San Pablo Ave
Pinole Apartments,600 Roble Avenue & 1230 San Pablo Ave
Pioneer Apartments,Cherry Alley and 10th Street
Planet Fitness,2155 Village Mall Drive
Plaza Riviera,835 E Canon Drive
Pocono Crossing - BWE Bridge,10400 Midlothian Turnpike
Pocono Crossing - JCR,10400 Midlothian Turnpike
Pointe Pacific Apartment Homes,13751 Edwards Street
Pontiac West,660 E. South Blvd
Portland MHP,6736 Country Road 2004
Portsmouth WaWa,NEC Effingham St and London St
PPM Tour/Market Data for 7201 National Turnpike,7201 National Turnpike
Predevelopment LOC 2019,4609 Rocky River Drive
Predevelopment LOC 2019,4609 Rocky River Drive
Premier Portfolio ADD ON,multiple addresses
Preservation Square,1405 N 16th Street St
Prosperity Park,10215 Prosperity Park Drive
Providence Reserve Seniors,1175 Providence Reserve Drive
Quadrangle Office Center,29800-29880 Telegraph Road
Quantum Business Centre (Refi),10300 - 10496 Bluegrass Pkwy and 1901 -1929 Production Dr.
Quarles Portfolio,2608 Tatton Drive
Queens Court,1801-1805 Quinn Street
Quest Commons West,"891 Rock St, NW"
Quest Commons West,881 Rock Street
Quest Commons West,881 Rock Street
Quest Dalvigney,694 & 700 Dalvigney Street
Quest Dalvigney,674 & 700 Dalvigney St.
Quest Legacy @415 Griffin,415 Griffin
Quest Legacy @415 Griffin,415 Griffin
Quest Nonprofit Center,299 Joseph E. Lowery Blvd.
Quest Non-profit Center,299 Joseph E. Lowery
Randle Hill,"3300 6th Street, SE"
Randle Hill,3300 6th Street SE
RASA Apartments,459 23rd Street
Ravines at Westar Apartments,799 Warwick Drive
Rebuild Old Brooklyn,4329 W. 52nd Street
Rebuild Old Brooklyn,3102 Montclair
Rebuild Old Brooklyn,2718 Oak Park
Rebuild Old Brooklyn,3805 Buechner
Rebuild Old Brooklyn,4329 W. 52nd 
Rebuild Old Brooklyn,4014 Gifford
Rebuild Old Brooklyn,4312 Gifford
Rebuild Old Brooklyn,4014 Gifford
Regerative Community Development,PO Box 290
Rehab,1414 Numa
Reinhold Drive Industrial,7712 Reinhold Drive
Renaissance Square Shopping Center,642-646 S. Main Street
Rental Expansion Program,1642 Oak Knoll Cir
Rental Expansion Program ,1641 Oak Knoll Cir
Residences at Ag47,6847 Stewart Road
Residences at Breckenridge - Supplemental,"5160 Preferred Place,"
Retreat At Stonecrest Apartment Homes,40 Amanda Dr
Rev Fremont Apartments,317 NW 41st Street
Ridgewood Estates (Reynolds Crossed Portfolio),2875 N Hill Field Rd
Riley Towers Apartments,650 North Alabama Street
Rio Verde Mobile Homes,1402 22nd St NE
RiseBoro S4 2019,565 Bushwick Ave
RiseBoro S4 2019,565 Bushwick Ave
Rite Aid Portfolio,975 Hodges Ferry Road
River Gates Apartments,3000 West River Parkway
River Grove Apartments,28 Terrace Street
Riverland Woods,1001 Riverland Woods Place
RiverPlace Shopping Center,108 Riverstone Parkway
Rivers Edge Apartments,4346 D1 Riverside Drive
Riverside Apartments,12-18 Riverside Drive
Riverview Towers,52 Garetta Street
Riverwalk Village,2450 E. Dinosaur Crossing Drive
Riverwalk Village,2450 E. Dinosaur Crossing Drive
Riverwatch II,5636 Furnace Ave
Riverwood Villas IV,400 Athletic Club Blvd
RJ Lloyd Portfolio,"Tamarack Creek (160 units) – 4137 Secor Road, Toledo, OH 43623
Alexor Apartments (120 units) – 5631 & 5635 Secor Road, Toledo, OH 43623
Jackman Grove (64 units) – 4435 & 4449 Jackman Road, Toledo, OH 43612
Picadilly West (240 units) – 540 W Alexis Road, Toledo, OH 43612
Picadilly East (368 units) – 2750 Pickle Road, Oregon, OH 43616"
RMT Acquisition,45755 Five Mile Road
Rocky River Promenade,1339 Shearers Road
Rogue River Portfolio,701 N River Rd
Rose Park MHC,2910 North Avenue
Royal City II,E. Cherry & Apple Ave NE
Rubber City (Goodyear),"150 & 200 Innovation Way
142 Goodyear Blvd & 130 Johns Ave
309 Sieberling St
1485 E Archwood Ave"
Sage Brook - Loan Assumption,7200 Leetsdale Drive
Salem Courthouse Apartments,3001 Courthouse Drive
San Fernando Mall,900-1002 San Fernando Road
Santa Barbara Plaza,"7, 17, 29, 35, and 53 S. Milpas Street"
Sawmill Ravine Townhomes,3116 Hayden Road
SCA,6150 Nichols Drive
Schrock Park Apartments,1777-1779 Schrock Road
Scott Boulevard Senior Residences,1665 Scott Boulevard
Scott Boulevard Senior Residences,1665 Scott Boulevard
Screenland Pacific Business Park,2210 North Screenland Drive
Seaboard Square-Loan Opportunity,703 Louisville Rd
Seaboard Square-Loan Opportunity-Mezz,703 Louisville Rd
Sequoia Commons,Southwest corner of Riggin Ave and Road 76
Serra Plaza,31910 & 31920 Del Obispo Street
Settlers Point - Perm,1400 W 10th St
Shafer Terrace MHC,17377 Banyan Road
Shaker Park Gardens,4401 Northfield Road
Shaker Park Gardens Apartments,4401 Northfield Road
Sharon Oaks,4701 Arching Oak Lane
Shasta Hotel,1017 10th St.
Shawnee Lakes,2855 Bird Creek
ShearWater Apartment Homes,2063 Shearwater Circle
Shelby Park Manor North,4865 Park Manor East
Sheldon Road Industrial,18665 to18753 Sheldon Road
Shemwood Crossing Apartments (AHF),100 Shemwood Lane
Sherwin Williams - 4780 Hinckley Industrial Pkwy,4780 Hinckley Industrial Parkway
Sherwood MHC,753 Tallman Circle
Shipyard Village,719 Galley Lane
Shoppes at Church Square Supplemental,7973 Euclid Avenue
Shoppes at Heritage Oaks,4484-4556 & 4578 SW Heritage Oaks Circle
Shoppes at Kirkwood,2415 Lawndale Drive
Shoppes at Merrimac,455 Merrimac Trail
Shops at Sycamore,2309 Matthews Township Parkway
Shops at Valle Green,1171 E. Dayton Yellow Springs Road
Shoshone,3210 N. Shoshone
Shyville Senior Housing,2710 Shyville Road
Sierra Madre Cottages,665 Sierra Madre Avenue
Silver Creek Apts,1481 25th Ave North
Silver Shadow,27606 Pacific Hwy S
Silvertowne,1115 Mill Street
Silvertowne Apartments,1115 Mill Street
Sioux City Portfolio,"220 South Derby Lane, N Sioux City, SD 57049; 416 Lakeshore Drive, N Sioux City, SD 57049; 101 Cott's Drive, N Sioux City, SD 57049; 2200 G Street, S Sioux City, NE 68776"
Skyview Terrace,3600 N. Skyview St
Slavic Village Recovery,3695 East 52nd
Slavic Village Recovery,3875 East 57th
Slavic Village Recovery,3719 East 52nd
Slavic Village Recovery,7005 Ottawa
Slavic Village Recovery,5707 Hege
South Plaza Storage,4588 South Plaza Trail
Southeast Michigan MF Portfolio,5043 East Outer Drive
Southeast Michigan MF Portfolio,5000 Boulder Drive
Southeast Michigan MF Portfolio,127 Gerald Street
Southeast Michigan MF Portfolio,12870 Outer Drive
Southeast Michigan MF Portfolio,22325 8 Mile Road
Southpark Business Center - Refinance,"17654,17660,17680,17760 Newhope Street 17800,17815,17835 Newhope Street"
Spencer Mini Storage,11220 Spencer Highway
Sprague Square Center,7764 West 130th St
Spring Grove (AHF),1900 Boling Road Extension
Spring House at Brandywine,900 Reisling Lane
Spring Stuebner Service King,Spring Stuebner Rd & Hwy 99
Spurling Court,N. Rainier Street
St. Bernard's Park Phases I and II,2260 Lake Avenue
St. Francis,1540 Shakespeare Ave
St. Francis Apartments at Cathedral Square,1450 N Washington St.
St. Lucie Mobile Village (DRS),11500 SW Kanner Hwy
St. Paul the Apostle Senior Housing,635 Amboy Avenue
Stallion Ridge,SE Corner of Shelby and Race
Stallion Ridge,SE Corner of Shelby and Race
St-Andrews-at-Little-Turtle-Refinance,5400 Lakota Drive
Starbucks - Wilmington,7201 Market St.
Starlet Square Apartments,9800 Starlet Drive
Sterling Landings,34792 Oceanview Drive
Stone Pointe Apartments,5050 SOM Center Road
Stonecrossing of Westchase,3030 Elmside Drive
Stoneridge Apartments,16701 N. Heatherwilde Blvd.
Strawberry Park Shopping Center,609 Saratoga Avenue
Stuttgart Apartments I,507 West 1st Street
Stuttgart Apartments II,507 West 1st Street
Summer Creek,3900 Plymouth Blvd
Summit Commons,4760 Hard Scrabble Road
Summit County Apartments,3663-3693 Kent Road
Summit County Apartments,550 Colony Park Dr.
Summit Place Apartments - refinance,5201 Eagles Park Way
Summit Ridge Apartments,5271 Eastwick Dr.
Sunbury Pointe,2199 Rushmore Ln
Sunny Acres MHC (Reynolds Crossed Portfolio),3543 Needmore Road
Sunridge Apartments,3348 Flushing Road
Sylmar Square,13730 Foothill Blvd
Talaria at Burbank Apartments,3401 and 3425 W. Olive Avenue
Talbot Commons Phase I,"18 New England Ave, 15 Mallard Ave"
Tamarac  Apartments,38360 Tamarac Blvd
Tampico and Whisper Oaks,Saddle Run Way & N Interstate 35 Frontage Rd
Tampico and Whisper Oaks,200 Tampico
Temple Court (AHF),431 NW 3rd Street
Tennessee Section 8 Portfolio (SVN),"705 West Wood St
597 Sanford Hill Rd
266 Roosevelt Parkway East
33 Carver St
500 Riley Road
702 Westview Road"
Terrace Towers,15600 Terrace Rd
The Angel,8545 Sepulveda Boulevard
The Angel,8545 Sepulveda Boulevard
The Avenue Apartments,1211 Saint Claire Avenue NE
The Avenue Gleeson Apartments,2702-2704 Gleeson Ln
The Avenue Hite Apartments,613 N. Hite Ave.
The Beatrice Morrow FKA Grant Warehouse,3368 NE Martin Luther King Jr. Blvd
The Brine,1839 Hancock Street
The Charles at Riggins Run,5252 Riggins Run
The Cliffs at Waterford,859 Cliff Circle
The Commons - Buildings C and D,400 and 410 Rivulon Blvd.
The Dorchester Apartments,950 and 955 Dorchester Way
The Embassy Apartments,2901 Dee Street
The Enclave at Albany Park,4955 Enclave Boulevard
The Estates at Rockwell,7600 North Rockwell Avenue
The Falls at Landen - 2nd,7401 Landen Falls Drive
The Farm at Taylor Mill - Phase III,5136 Old Taylor Mill Raod
The Gates at West Bay,272 W Bay Ave
The Greens at Arboretum,205 McCaskill Road
The Hamptons at East Cobb Apartment Homes,1523 Roswell Rd
The Kings Apartments,11330 Colorado Avenue
The Lakes at Town Center,900 Lakeridge Rd
The Lamplighter,16102 Springdale Street
The Landing at Five Points,165 North Harrisville Road
The Learning Experience / Human Bean,2005 NW Maynard Road
The Lincoln,711 N. High St.
The Lodges on English Station Road-Perm,14500 English Park Circle
The Marq,3637 Sonoma Avenue
The Normandy Portfolo,295-329 E Long St.
The North Lot,1200 12th Avenue South
The Orchard Columbia - Phase III,158 Bluff Road
The Park at Sydney Drive Apts,2786 Sydney Drive
The Parker,2038 Parker Street
The Peaks at Manning,100 Weinburg Drive
The Pines of Rochester,4820 Alpha Pkwy NW
The Pointe at Elmwood,2325 Elmwood Avenue
The Quinn Apartments,1341 Norton AVe
The Refinery,1213 W. Morehead St.
The Residences at Equality Park,2036 N. Dixie Hwy
The Residences at Equality Park ,2040 North Dixie Highway
The Sandstone,210 E. Canyon Commercial Avenue
The Strand Residences,"5119 Nannie Helen Burroughs Ave., NE"
The Tides at Downtown Gilbert,36-150 E Vaughn Avenue
The Trellises Supplemental2,996 Trellises Drive
The View at Polaris,601 Flarestar Avenue
The Village at Emerson Park,6735 Brookline Gardens Rd.
The Vineyard - Supplemental,7650 Ewing Blvd
The Willows,1655 Willow Circle
The Willows Apartments,2365 Hardy Parkway
The Willows Supplemental 2019,"243 N Yosemite Ave.,"
Thoroughbred Crossing Apts - Supplemental Loan,1346 Village Drive
Thrive Lubbock,210 Winston Ave
Timber Ridge (AHF),7123 Barrington Drive
Timber Ridge Luxury Apartments,4777 19th Street Southwest
T-Mobile Call Center-N. Charleston,8571 Rivers Ave
Torrance Gateway-Refinance,19780 Pacific Gateway Drive
Tower Plaza,27401-27531 Ynez Road
Trail Pointe Ridge,16397 Glory Lane
Tranquil Acres MHP,70 Avenue E North
Trifecta Square,8033 Gessner Drive
Tristone Flowtech Industrial,208 Manufacturers Blvd
Troy Manor and Kris Kristensen,"308 Ashburton Avenue, 208 Willow Street"
Tryon Medical Office,16817 Marvin Road
Tungsten Village,344 West 3rd Street
Tungsten Village,344 West 3rd Street
Turf Surgical,2115 Harrodsburg Rd
Twin Lakes Estates (DRS),7001 Lakes Blvd
Twin Quail Apartments,2036-2098 Quail Court
Two Silver Crescent,1916 Ayrsley Town Boulevard
Ultimo Motors East,150-160 W. Ogden Avenue
Ultimo Motors Northshore,1808-1850 Holste Road
Unity Place,7251-7273 Unity Avenue N.
Upland Development,1690-1704 W. 11th St.
Uptown Gateway - Land Development,Martin Luther King Dr
Uptown Housing (aka 2nd & Mercer),607 2nd Ave N
VA Beach Kempsville WaWa,1924 Kempsville Rd & 1909 Centerville Tpk
Valdosta Commons,415 N. Irwin Avenue
Valerie Hills (Rogue River Port),701-785 N River Road
Valley Estates MHC (Fund I),16751 Turner Road
Vansant Commons,2626 Shyville Road
Ventana Apartments,5095 E Donald Avenue
Ventura Place Office Building - Refinance,12001 Ventura Place
Veranda Townhomes,9100 Coit Rd
VIDA Lofts at City Center,201 W. Avenue
Village at Mason Creek,3066 M-37
Village Commons PH II,6350 Weddingnton-Monroe Rd
Village Cross Creek (2019 Refi),7536 Hillcrest Dr
Village Green of Troy East,2330 John R Road
Village on South Carpenter (2019),1474 South Carpenter Road
Village Square Apartments,6212 Cheviot Road
Villas at Friendly Heights,1300 Friendly Heights Blvd
Villas at Lake Acworth,4694 Old Cowan Rd
Villas Del Zocalo 1,3130 Webb Chapel Ext
Vinings at Christiana,200 Vinings Way
Vintage Sterling,1990 S. Vintage Avenue
Vista Creek Apartments,22432 Center Street
Vital Records,2020 Northwest Progress Parkway
Vons - Long Beach,600 E. Broadway
W 150th Street Cluster,601 W 148th Street
WAG-Pinehurst,250 Ivy Lane
Walden Street Apartments,3500 Walden Street
Walgreens,2605 Raeford Road
Walgreens North Charleston Additional Funding,7501 Rivers Avenue
Walgreens TN,7790 Wolf River Blvd
Walnut Creek Apartments,6409 Springdale Road
Walton Reserve,7075 Walton Reserve Lane
Walton Reserves Rehab,1500 Walton Reserve Blvd
Warren Apartments,1533 West Warren Boulevard
Washington Square Village,825 32nd Avenue
Waterford Townhomes,1130 Town Centre Dr
"Watson - Pool 1 (Bldg 141, 146, 727 & 841)",23011 S. Wilmington Avenue
"Watson - Pool 1 (Bldg 141, 146, 727 & 841)",23011 S. Wilmington Avenue
"Watson - Pool 1 (Bldg 141, 146, 727 & 841)",15245 Van Vliet Avenue
"Watson - Pool 1 (Bldg 141, 146, 727 & 841)",18780 Central Avenue
Wayside Pines,26 Wayside Ave
Webster Avenue,"3099 Webster Avenue
3101 Webster Avenue
3095 Webster Avenue"
Wesley Tower Apartments,1500 Marion Ave
West Creek Village Center,Copper Hill Drive and Rio Norte Drive
West LA Creative Office Portfolio,2236 S. Barrington Ave; 2240-2247 Barry Ave
West LA Creative Office Portfolio,2251 & 2252 Barry Avenue
West LA Creative Office Portfolio,9300 Jefferson Ave
West LA Creative Office Portfolio,3760 Motor Avenue
West Main Villas (Perm),9800 Mesa Linda Street
West Pointe Townhomes,4402 Clevesdale Drive
West Ridge Park MHC(Reynolds Crossed Portfolio),9301 Volcano Rd NW
West Village Art Lofts,110 N F Street
Westhaven Estates,3762 W Old Road 30
Westlake Christian Terrace West,275 28th Street
Weston Kentucky Industrial Portflio - Refi 2019,1800 Production Court
Weston Kentucky Industrial Portflio - Refi 2019,3600 Chamberlain Lane
Weston Kentucky Industrial Portflio - Refi 2019,12710 Westport Road
Westwood Mobile Home Park - Supplemental,7055 Quarry Road
WGL Mattawa II,24065 SW Road T-3
Whispering Hills Apartments,6905 Connecticut Drive
Whitehall Corporate Center 3 & 5,3545 and 3600 Arco Corporate Drive
Willoughby Commons,36363 Euclid Ave
Willow View Townhomes,102 Baylor Street
Willow Woods Apartment Homes - Supplemental,3019 Ingleside Dr.
Willowbrook Apartment Homes,12202 E Maxwell Ave
Willows at Harbor House,320 Radio Road
Windhurst Park Apartments,584 Old Brunerstown Road
Windridge Townhomes Supplemental,6700 Hopeful Road
Winfield Apartments - LIHTC,6134 Romley Point
Winsor Ranch Shopping Center,3415-3445 W Glendale Ave and 6767 N. 35th Ave.
Woodmere Apartments Supplemental,9333 Round Top Road
Woods of Hoover - Assumption,3801 Galleria Woods Drive
WoodSpring Suites - Nashville Rivergate,122 Liberty Ln
Woodville Village (Rogue River Port),199 Rogue Lane
Woodward Place,15101-15151 Woodward Avenue
Workout Anytime,2045 South Horner Blvd
"Worthington Park, Airway Centre, Gaines Marketplace",1425 Worthington Centre Dr
"Worthington Park, Airway Centre, Gaines Marketplace",189 SE Marketplace Dr
"Worthington Park, Airway Centre, Gaines Marketplace",104-194 Woodman Drive
Wyndamere Apartments - Perm,101 Collins Path
Wynn Gate Apartments,81A Wynn Gate Court
Xenia Industrial (IRG),1003 Bellbrook Avenue
"Yangfeng - Holland, MI and Bryan, OH","Holland- 1776 Airport Park Court, Holland, MI 49423
Bryan- 918 South Union Street"
Yardz on Colter,1545 W Colter St
York Family Residences,300 North State Street
Zappo's Industrial - Old LaGrange Road,12415 Old LaGrange Road
Zebulon Commons,877 East Gannon Avenue
No project name,204 N Guthrie
No project name,310 Benjamine
